-- =====================================================
-- Кінобаза: Тестові дані (02_insert_data.sql)
-- Автор: Developer 2
-- =====================================================

-- Жанри
INSERT INTO genre VALUES ('Драма'), ('Комедія'), ('Трилер'), ('Фантастика'),
                         ('Жахи'), ('Бойовик'), ('Мелодрама'), ('Анімація'), ('Документальний');

-- Країни
INSERT INTO country (country_name, "exists") VALUES
                                                  ('США',             TRUE),
                                                  ('Велика Британія', TRUE),
                                                  ('Франція',         TRUE),
                                                  ('Німеччина',       TRUE),
                                                  ('Японія',          TRUE),
                                                  ('Італія',          TRUE),
                                                  ('Австралія',       TRUE),
                                                  ('Канада',          TRUE),
                                                  ('Іспанія',         TRUE),
                                                  ('СРСР',            FALSE);

-- Фільми
INSERT INTO movie (movie_name, genre, country, release_year) VALUES
    ('Гладіатор',              'Бойовик',       'США',            2000),
    ('Матриця',                'Фантастика',     'США',            1999),
    ('Список Шиндлера',        'Драма',          'США',            1993),
    ('Втеча з Шоушенка',       'Драма',          'США',            1994),
    ('Кримінальне чтиво',      'Трилер',         'США',            1994),
    ('Форрест Гамп',           'Драма',          'США',            1994),
    ('Темний лицар',           'Бойовик',        'США',            2008),
    ('Інтерстеллар',           'Фантастика',     'США',            2014),
    ('Паразити',               'Трилер',         'Японія',         2019),
    ('Амелі',                  'Мелодрама',      'Франція',        2001),
    ('Зелена миля',            'Драма',          'США',            1999),
    ('Нетерпимість',           'Драма',          'США',            1916),
    ('Сім самураїв',           'Бойовик',        'Японія',         1954),
    ('8½',                     'Драма',          'Італія',         1963),
    ('Ла-Ла Ленд',             'Мелодрама',      'США',            2016);

-- Глядачі (15 для проходження бізнес-правила > 10)
INSERT INTO viewer (name) VALUES
    ('Іван Петренко'), ('Олена Коваль'), ('Микола Сидоренко'), ('Ганна Мельник'),
    ('Петро Бойко'),   ('Тетяна Шевченко'), ('Олег Кравченко'), ('Людмила Гончаренко'),
    ('Василь Мороз'),  ('Наталія Лисенко'), ('Дмитро Ткаченко'), ('Ірина Романенко'),
    ('Андрій Пономаренко'), ('Юлія Савченко'), ('Сергій Безпалько');

-- Оцінки для фільму 1 (Гладіатор) — 15 голосів → рейтинг буде відображено
INSERT INTO rating VALUES
    (1,1,9),(2,1,8),(3,1,9),(4,1,7),(5,1,10),
    (6,1,8),(7,1,9),(8,1,7),(9,1,8),(10,1,9),
    (11,1,8),(12,1,9),(13,1,7),(14,1,8),(15,1,10);

-- Оцінки для фільму 2 (Матриця) — 15 голосів
INSERT INTO rating VALUES
    (1,2,10),(2,2,9),(3,2,10),(4,2,8),(5,2,9),
    (6,2,10),(7,2,8),(8,2,9),(9,2,10),(10,2,8),
    (11,2,9),(12,2,10),(13,2,8),(14,2,9),(15,2,10);

-- Оцінки для фільму 3 (Список Шиндлера) — 12 голосів
INSERT INTO rating VALUES
    (1,3,10),(2,3,10),(3,3,9),(4,3,10),(5,3,9),
    (6,3,10),(7,3,10),(8,3,9),(9,3,10),(10,3,9),
    (11,3,10),(12,3,9);

-- Оцінки для фільму 7 (Темний лицар) — 8 голосів → рейтинг = 0
INSERT INTO rating VALUES
    (1,7,10),(2,7,9),(3,7,10),(4,7,9),(5,7,10),
    (6,7,9),(7,7,10),(8,7,9);

-- Оцінки для фільму 8 (Інтерстеллар) — 11 голосів
INSERT INTO rating VALUES
    (1,8,9),(2,8,8),(3,8,9),(4,8,10),(5,8,9),
    (6,8,8),(7,8,9),(8,8,10),(9,8,9),(10,8,8),
    (11,8,9);
